attempt_id,app,scenario,raw_result,reviewed_result,bug,review_note
"super-1791252412335","super","Invalid credentials rejected in browser","FAIL","SUPERSEDED","","Later attempt of the same named scenario retained; raw evidence preserved."
"super-1791252417579","super","Platform owner credential + actual OTP login","FAIL","SUPERSEDED","","Later attempt of the same named scenario retained; raw evidence preserved."
"super-1791252472750","super","Invalid credentials rejected in browser","PASS","PASS","","Pass applies only to the assertions actually recorded, not every control on the page."
"super-1791252472872","super","Platform owner credential + actual OTP login","PASS","PASS","","Pass applies only to the assertions actually recorded, not every control on the page."
"super-1791252474159","super","Quick-create QA restaurant A, persist owner, trial and initial key","PASS","PASS","","Pass applies only to the assertions actually recorded, not every control on the page."
"super-1791252475480","super","Quick-create QA restaurant B, persist owner, trial and initial key","PASS","PASS","","Pass applies only to the assertions actually recorded, not every control on the page."
"admin-1791252523639","admin","Restaurant owner login and branch-bound POS Admin device activation","PASS","PASS","","Pass applies only to the assertions actually recorded, not every control on the page."
"admin-1791252648706","admin","Create menu category in UI and verify cloud persistence","FAIL","SUPERSEDED","","Later attempt of the same named scenario retained; raw evidence preserved."
"admin-1791252664180","admin","Create pizza at INR249 in UI and verify cloud persistence","FAIL","SUPERSEDED","","Later attempt of the same named scenario retained; raw evidence preserved."
"admin-1791252712250","admin","Create menu category in UI and verify cloud persistence","PASS","PASS","","Pass applies only to the assertions actually recorded, not every control on the page."
"admin-1791252712296","admin","Create pizza at INR249 in UI and verify cloud persistence","PASS","PASS","","Pass applies only to the assertions actually recorded, not every control on the page."
"admin-1791252713299","admin","Create table QA01 through owner UI and persist","PASS","PASS","","Pass applies only to the assertions actually recorded, not every control on the page."
"admin-1791252713577","admin","Create Cashier staff, issue PIN and persist hashed credential","PASS","PASS","","Pass applies only to the assertions actually recorded, not every control on the page."
"admin-1791252713946","admin","Create Captain staff, issue PIN and persist hashed credential","PASS","PASS","","Pass applies only to the assertions actually recorded, not every control on the page."
"admin-1791252714244","admin","Create Kitchen staff, issue PIN and persist hashed credential","PASS","PASS","","Pass applies only to the assertions actually recorded, not every control on the page."
"admin-1791252714581","admin","Create Manager staff, issue PIN and persist hashed credential","PASS","PASS","","Pass applies only to the assertions actually recorded, not every control on the page."
"pos-1791252756759","pos","Actual browser device activation with branch-bound key","PASS","PASS","","Pass applies only to the assertions actually recorded, not every control on the page."
"captain-1791252771476","captain","Actual browser device activation with branch-bound key","PASS","PASS","","Pass applies only to the assertions actually recorded, not every control on the page."
"kds-1791252788008","kds","Actual browser device activation with branch-bound key","PASS","PASS","","Pass applies only to the assertions actually recorded, not every control on the page."
"kiosk-1791252802451","kiosk","Actual browser device activation with branch-bound key","FAIL","SUPERSEDED","","Later attempt of the same named scenario retained; raw evidence preserved."
"kiosk-1791252848604","kiosk","Actual browser device activation with branch-bound key","PASS","PASS","","Pass applies only to the assertions actually recorded, not every control on the page."
"pos-1791252858809","pos","Cashier logs into assigned terminal with issued staff PIN","PASS","PASS","","Pass applies only to the assertions actually recorded, not every control on the page."
"captain-1791252869686","captain","Captain logs into assigned terminal with issued staff PIN","PASS","PASS","","Pass applies only to the assertions actually recorded, not every control on the page."
"kds-1791252881945","kds","Kitchen logs into assigned terminal with issued staff PIN","PASS","PASS","","Pass applies only to the assertions actually recorded, not every control on the page."
"kiosk-1791253107037","kiosk","Customer starts kiosk order, chooses English and takeaway","PASS","PASS","","Pass applies only to the assertions actually recorded, not every control on the page."
"admin-1791253110071","admin","Owner changes pizza price 249 to 299 and backend stores 299","PASS","PASS","","Pass applies only to the assertions actually recorded, not every control on the page."
"pos-1791253110337","pos","Owner price change becomes visible without refreshing","PASS","PASS","","Pass applies only to the assertions actually recorded, not every control on the page."
"kiosk-1791253110411","kiosk","Owner price change becomes visible without refreshing","PASS","PASS","","Pass applies only to the assertions actually recorded, not every control on the page."
"captain-1791253110424","captain","Captain opens seated table and sees updated pizza price","PASS","PASS","","Pass applies only to the assertions actually recorded, not every control on the page."
"captain-1791253110582","captain","Captain adds pizza and sends one KOT, cloud persists correct line/total","FAIL","PARTIAL","","Cloud response field assumption was wrong; final DB confirms a unique Captain order. Original full intermediate assertion incomplete."
"kds-1791253110810","kds","Kitchen receives Captain pizza KOT without refresh","FAIL","PARTIAL","","Original source-id assertion incorrect; restart recovery and later ready flow succeeded. Continuous initial delivery not certified by this attempt."
"kds-1791253209621","kds","Persisted Captain KOT recovers after KDS browser restart","PASS","PASS","","Pass applies only to the assertions actually recorded, not every control on the page."
"kds-1791253209629","kds","Kitchen marks all dishes ready and backend status persists","PASS","PASS","","Pass applies only to the assertions actually recorded, not every control on the page."
"captain-1791253209819","captain","Captain receives kitchen-ready state without refresh","FAIL","SUPERSEDED","","Later attempt of the same named scenario retained; raw evidence preserved."
"pos-1791253225004","pos","POS receives Captain order with same item, total and kitchen-ready status","FAIL","SUPERSEDED","","Later attempt of the same named scenario retained; raw evidence preserved."
"admin-1791253348424","admin","Default Jamanvaar collection requests online payment activation","PASS","PASS","","Pass applies only to the assertions actually recorded, not every control on the page."
"admin-1791253348577","admin","Owner saves audit bank metadata, account masked by API","FAIL","HARNESS_ERROR","","Wrong selector, enum, response field, route or controlled-switch assertion; separately named corrected test passed. No application failure established by this attempt."
"admin-1791253348852","admin","Route-pending toggle saves request while manual payout remains effective","FAIL","HARNESS_ERROR","","Wrong selector, enum, response field, route or controlled-switch assertion; separately named corrected test passed. No application failure established by this attempt."
"super-1791253358687","super","Platform owner approves online payments with password step-up","PASS","PASS","","Pass applies only to the assertions actually recorded, not every control on the page."
"kiosk-1791253398254","kiosk","Unconfigured Razorpay shows recoverable QR error; no false payment success","PASS","SUPERSEDED","","Later attempt of the same named scenario retained; raw evidence preserved."
"captain-1791253475741","captain","Captain receives kitchen-ready state without refresh","PASS","PASS","","Pass applies only to the assertions actually recorded, not every control on the page."
"pos-1791253475834","pos","POS receives Captain order with same item, total and kitchen-ready status","PASS","PASS","","Pass applies only to the assertions actually recorded, not every control on the page."
"captain-1791253475910","captain","Captain serves ready food and updates backend","FAIL","PARTIAL","","Isolated API stopped during harness safety correction; final DB verifies successful single settlement, but original intermediate assertions were interrupted."
"pos-1791253486115","pos","Cashier settles Captain bill for INR314 once and receipt opens","FAIL","PARTIAL","","Isolated API stopped during harness safety correction; final DB verifies successful single settlement, but original intermediate assertions were interrupted."
"captain-1791253496214","captain","Table becomes available on Captain after cashier settles bill","PASS","PASS","","Pass applies only to the assertions actually recorded, not every control on the page."
"admin-1791253508429","admin","Owner dashboard receives actual cashier revenue after Captain cash settlement","FAIL","HARNESS_ERROR","","Incorrectly queried PAYMENT_TRANSACTION generic entity; payment/order ledgers use another model. Actual dashboard cash amount was observed; no defect established by this assertion."
"kiosk-1791253542604","kiosk","Unconfigured Razorpay shows recoverable QR error; no false payment success","PASS","PASS","","Pass applies only to the assertions actually recorded, not every control on the page."
"adminprod-1791253669507","adminprod","Production build accepts KIOSK_ADMIN activation in merged Restaurant Admin","PASS","PASS","","Pass applies only to the assertions actually recorded, not every control on the page."
"adminprod-1791253679880","adminprod","Idle production dashboard respects 30-second kiosk fleet polling interval","FAIL","FAIL","B001","Confirmed application failure; see independently reviewed evidence and reproduction."
"kiosk-1791253791229","kiosk","Kiosk displayed payable matches authoritative payment amount","FAIL","SUPERSEDED","","Later attempt of the same named scenario retained; raw evidence preserved."
"kiosk-1791253796380","kiosk","SIMULATED invalid webhook signature rejected; payment remains pending","FAIL","SUPERSEDED","","Later attempt of the same named scenario retained; raw evidence preserved."
"kiosk-1791253796481","kiosk","SIMULATED signed amount manipulation cannot mark payment paid","PASS","SUPERSEDED","","Later attempt of the same named scenario retained; raw evidence preserved."
"kiosk-1791253796646","kiosk","SIMULATED valid payment and duplicate webhook produce one paid transaction with 3% fee","PASS","SUPERSEDED","","Later attempt of the same named scenario retained; raw evidence preserved."
"kiosk-1791253796818","kiosk","SIMULATED kiosk receives paid status, shows confirmation and emits one KOT","FAIL","SUPERSEDED","","Later attempt of the same named scenario retained; raw evidence preserved."
"kds-1791253797256","kds","SIMULATED paid kiosk item reaches KDS and matches backend order ID","FAIL","SUPERSEDED","","Later attempt of the same named scenario retained; raw evidence preserved."
"kiosk-1791253797326","kiosk","SIMULATED synced kiosk order financial total matches gateway payment","FAIL","SUPERSEDED","","Later attempt of the same named scenario retained; raw evidence preserved."
"kiosk-1791253931085","kiosk","Kiosk displayed payable matches authoritative payment amount","FAIL","FAIL","B002","Confirmed application failure; see independently reviewed evidence and reproduction."
"kiosk-1791253936225","kiosk","SIMULATED invalid webhook signature rejected; payment remains pending","PASS","PASS","","Pass applies only to the assertions actually recorded, not every control on the page."
"kiosk-1791253936401","kiosk","SIMULATED signed amount manipulation cannot mark payment paid","PASS","PASS","","Pass applies only to the assertions actually recorded, not every control on the page."
"kiosk-1791253936571","kiosk","SIMULATED valid payment and duplicate webhook produce one paid transaction with 3% fee","PASS","PASS","","Pass applies only to the assertions actually recorded, not every control on the page."
"kiosk-1791253936742","kiosk","SIMULATED kiosk receives paid status, shows confirmation and emits one KOT","PASS","PARTIAL","B003","Confirmation and one cloud order passed; assertion did not establish delivery to KDS. Separate kitchen test failed."
"kds-1791253941089","kds","SIMULATED paid kiosk item reaches KDS and matches backend order ID","FAIL","FAIL","B003","Confirmed application failure; see independently reviewed evidence and reproduction."
"kiosk-1791253956136","kiosk","SIMULATED synced kiosk order financial total matches gateway payment","PASS","PARTIAL","B002","Gateway/order total agreed, but receipt tax and UI amount did not; narrowly passing equality is not end-to-end money consistency."
"kiosk-1791253956137","kiosk","SIMULATED kiosk receipt tax components reconcile with authoritative tax","FAIL","FAIL","B002","Confirmed application failure; see independently reviewed evidence and reproduction."
"admin-1791253976685","admin","Inline price 0 rejected without changing persisted price","PASS","PASS","","Pass applies only to the assertions actually recorded, not every control on the page."
"admin-1791253976825","admin","Inline price -1 rejected without changing persisted price","PASS","PASS","","Pass applies only to the assertions actually recorded, not every control on the page."
"admin-1791253976933","admin","Inline price 100001 rejected without changing persisted price","PASS","PASS","","Pass applies only to the assertions actually recorded, not every control on the page."
"admin-1791253977020","admin","Menu search no-results and clear restore actual dish","PASS","PASS","","Pass applies only to the assertions actually recorded, not every control on the page."
"admin-1791253977067","admin","Menu CSV download contains persisted QA pizza and price","PASS","PASS","","Pass applies only to the assertions actually recorded, not every control on the page."
"admin-1791253977331","admin","Owner creates GST18 group and cloud stores percentages","PASS","PASS","","Pass applies only to the assertions actually recorded, not every control on the page."
"admin-1791253977617","admin","Create INR100 dish linked to GST18 and verify tax reference","PASS","PASS","","Pass applies only to the assertions actually recorded, not every control on the page."
"admin-1791253978093","admin","Owner registers customer through UI and CRM cloud persists phone","PASS","PASS","","Pass applies only to the assertions actually recorded, not every control on the page."
"admin-1791253990299","admin","Owner creates stock item and verifies cloud quantity/cost","FAIL","FAIL","B007","Confirmed application failure; see independently reviewed evidence and reproduction."
"admin-1791254058349","admin","Restaurant B owner authenticates and activates own Restaurant Admin","PASS","PASS","","Pass applies only to the assertions actually recorded, not every control on the page."
"admin-1791254058842","admin","Restaurant B UI cannot see restaurant A dishes or staff","PASS","PASS","","Pass applies only to the assertions actually recorded, not every control on the page."
"admin-1791254058932","admin","Direct browser API tenant-ID tampering cannot leak A MENU_ITEM","PASS","PASS","","Pass applies only to the assertions actually recorded, not every control on the page."
"admin-1791254059260","admin","Direct browser API tenant-ID tampering cannot leak A MENU_CATEGORY","PASS","PASS","","Pass applies only to the assertions actually recorded, not every control on the page."
"admin-1791254059266","admin","Direct browser API tenant-ID tampering cannot leak A STAFF_USER","PASS","PASS","","Pass applies only to the assertions actually recorded, not every control on the page."
"admin-1791254059273","admin","Direct browser API tenant-ID tampering cannot leak A DINING_TABLE","PASS","PASS","","Pass applies only to the assertions actually recorded, not every control on the page."
"admin-1791254059279","admin","Direct browser API tenant-ID tampering cannot leak A CUSTOMER","PASS","PASS","","Pass applies only to the assertions actually recorded, not every control on the page."
"admin-1791254059285","admin","Direct browser API tenant-ID tampering cannot leak A INVENTORY_ITEM","PASS","PASS","","Pass applies only to the assertions actually recorded, not every control on the page."
"admin-1791254059290","admin","Direct browser API tenant-ID tampering cannot leak A RESERVATION","PASS","PASS","","Pass applies only to the assertions actually recorded, not every control on the page."
"admin-1791254059296","admin","Direct browser API tenant-ID tampering cannot leak A SHIFT","PASS","PASS","","Pass applies only to the assertions actually recorded, not every control on the page."
"admin-1791254059301","admin","Direct browser API B cannot retrieve A orders despite restaurant query tampering","PASS","PASS","","Pass applies only to the assertions actually recorded, not every control on the page."
"admin-1791254059307","admin","Tenant owner token cannot access another tenant payment connection or platform administration","FAIL","HARNESS_ERROR","","Wrong selector, enum, response field, route or controlled-switch assertion; separately named corrected test passed. No application failure established by this attempt."
"pos-1791254069001","pos","Branch A2 POS activates on its own branch","FAIL","HARNESS_ERROR","","Wrong selector, enum, response field, route or controlled-switch assertion; separately named corrected test passed. No application failure established by this attempt."
"pos-1791254069474","pos","Branch A2 shares restaurant menu but cannot see A1 floor/orders","FAIL","HARNESS_ERROR","","Wrong selector, enum, response field, route or controlled-switch assertion; separately named corrected test passed. No application failure established by this attempt."
"admin-1791254356482","admin","Corrected actual platform routes reject tenant owner token","PASS","PASS","","Pass applies only to the assertions actually recorded, not every control on the page."
"pos-1791254367531","pos","Recovered branch A2 shares menu while floor and orders remain branch scoped","PASS","PASS","","Pass applies only to the assertions actually recorded, not every control on the page."
"pos-1791254465646","pos","Cashier holds and recalls cart retaining amount and quantity","FAIL","SUPERSEDED","","Later attempt of the same named scenario retained; raw evidence preserved."
"pos-1791254475872","pos","POS GST18 item total agrees with configured eighteen percent tax","FAIL","SUPERSEDED","","Later attempt of the same named scenario retained; raw evidence preserved."
"pos-1791254481117","pos","Double click SEND KOT produces one backend order","PASS","SUPERSEDED","","Later attempt of the same named scenario retained; raw evidence preserved."
"pos-1791254482766","pos","Instant Bill settles existing running KOT instead of creating a duplicate sale","FAIL","SUPERSEDED","","Later attempt of the same named scenario retained; raw evidence preserved."
"pos-1791254487982","pos","Twenty browser counter cash sales persist once each with correct aggregate","PASS","SUPERSEDED","","Later attempt of the same named scenario retained; raw evidence preserved."
"pos-1791254495679","pos","Thirty browser KOT submissions persist without duplicate orders","FAIL","SUPERSEDED","","Later attempt of the same named scenario retained; raw evidence preserved."
"admin-1791254511067","admin","Saved stock definition survives admin reload and is visible in inventory list","PASS","SUPERSEDED","","Later attempt of the same named scenario retained; raw evidence preserved."
"admin-1791254511923","admin","Supplier empty name validation prevents invalid creation","PASS","SUPERSEDED","","Later attempt of the same named scenario retained; raw evidence preserved."
"admin-1791254511981","admin","Owner creates supplier through purchasing screen","PASS","SUPERSEDED","","Later attempt of the same named scenario retained; raw evidence preserved."
"kds-1791254506046","kds","KDS receives thirty distinct browser-generated kitchen tickets","FAIL","SUPERSEDED","","Later attempt of the same named scenario retained; raw evidence preserved."
"admin-1791254512153","admin","Receive QA supplier delivery updates stock locally and emits cloud ledger","FAIL","SUPERSEDED","","Later attempt of the same named scenario retained; raw evidence preserved."
"admin-1791254522319","admin","QA stock count persists actual counted quantity and variance","FAIL","SUPERSEDED","","Later attempt of the same named scenario retained; raw evidence preserved."
"admin-1791254527593","admin","Owner dashboard does not claim reconciliation without a real shift","FAIL","SUPERSEDED","","Later attempt of the same named scenario retained; raw evidence preserved."
"admin-1791254601135","admin","Saved stock definition survives admin reload and is visible in inventory list","PASS","PASS","","Pass applies only to the assertions actually recorded, not every control on the page."
"admin-1791254601874","admin","Supplier empty name validation prevents invalid creation","PASS","PARTIAL","","Actual supplier creation succeeded in an earlier attempt; latest rerun accepted an existing fixture. Full supplier CRUD and second-device transport not certified."
"admin-1791254601927","admin","Owner creates supplier through purchasing screen","PASS","PARTIAL","","Actual supplier creation succeeded in an earlier attempt; latest rerun accepted an existing fixture. Full supplier CRUD and second-device transport not certified."
"admin-1791254601970","admin","Receive QA supplier delivery updates stock locally and emits cloud ledger","PASS","PARTIAL","","Actual supplier creation succeeded in an earlier attempt; latest rerun accepted an existing fixture. Full supplier CRUD and second-device transport not certified."
"admin-1791254603152","admin","QA stock count persists actual counted quantity and variance","FAIL","HARNESS_ERROR","","Wrong selector, enum, response field, route or controlled-switch assertion; separately named corrected test passed. No application failure established by this attempt."
"admin-1791254608434","admin","Owner dashboard does not claim reconciliation without a real shift","FAIL","FAIL","B009","Confirmed application failure; see independently reviewed evidence and reproduction."
"pos-1791254653525","pos","Cashier holds and recalls cart retaining amount and quantity","PASS","PASS","","Pass applies only to the assertions actually recorded, not every control on the page."
"pos-1791254653843","pos","POS GST18 item total agrees with configured eighteen percent tax","FAIL","FAIL","B002","Confirmed application failure; see independently reviewed evidence and reproduction."
"pos-1791254659213","pos","Double click SEND KOT produces one backend order","PASS","PASS","","Pass applies only to the assertions actually recorded, not every control on the page."
"pos-1791254660924","pos","Instant Bill settles existing running KOT instead of creating a duplicate sale","FAIL","FAIL","B004","Confirmed application failure; see independently reviewed evidence and reproduction."
"pos-1791254666112","pos","Twenty browser counter cash sales persist once each with correct aggregate","PASS","PASS","","Pass applies only to the assertions actually recorded, not every control on the page."
"admin-1791254732007","admin","Owner publishes configured menu to QR guests through UI","PASS","SUPERSEDED","","Later attempt of the same named scenario retained; raw evidence preserved."
"pos-1791254670810","pos","Thirty browser KOT submissions persist without duplicate orders","PASS","PASS","","Pass applies only to the assertions actually recorded, not every control on the page."
"kds-1791254761386","kds","KDS receives thirty distinct browser-generated kitchen tickets","FAIL","HARNESS_ERROR","","Wrong selector, enum, response field, route or controlled-switch assertion; separately named corrected test passed. No application failure established by this attempt."
"admin-1791254780998","admin","Owner publishes configured menu to QR guests through UI","PASS","SUPERSEDED","","Later attempt of the same named scenario retained; raw evidence preserved."
"kds-1791254818054","kds","Corrected KDS tab selector verifies thirty distinct browser generated tickets","PASS","PASS","","Pass applies only to the assertions actually recorded, not every control on the page."
"super-1791254841027","super","Fresh unauthenticated mobile browser receives gate rather than tenant records","PASS","PASS","","Pass applies only to the assertions actually recorded, not every control on the page."
"admin-1791254851088","admin","Fresh unauthenticated mobile browser receives gate rather than tenant records","PASS","PASS","","Pass applies only to the assertions actually recorded, not every control on the page."
"pos-1791254860927","pos","Fresh unauthenticated mobile browser receives gate rather than tenant records","PASS","PASS","","Pass applies only to the assertions actually recorded, not every control on the page."
"captain-1791254870990","captain","Fresh unauthenticated mobile browser receives gate rather than tenant records","PASS","PASS","","Pass applies only to the assertions actually recorded, not every control on the page."
"kds-1791254880873","kds","Fresh unauthenticated mobile browser receives gate rather than tenant records","PASS","PASS","","Pass applies only to the assertions actually recorded, not every control on the page."
"kiosk-1791254890512","kiosk","Fresh unauthenticated mobile browser receives gate rather than tenant records","PASS","PASS","","Pass applies only to the assertions actually recorded, not every control on the page."
"admin-1791254945778","admin","Expired or revoked cloud owner session presents visible sign-in recovery","FAIL","FAIL","B010","Confirmed application failure; see independently reviewed evidence and reproduction."
"admin-1791254958832","admin","Valid owner session and menu remain available through three clean reloads","PASS","PASS","","Pass applies only to the assertions actually recorded, not every control on the page."
"pos-1791255013803","pos","Cashier can create one local KOT during genuine browser network outage","PASS","PASS","","Pass applies only to the assertions actually recorded, not every control on the page."
"pos-1791255015648","pos","Reconnect sends offline KOT once and refresh does not duplicate it","PASS","PASS","","Pass applies only to the assertions actually recorded, not every control on the page."
"admin-1791255024108","admin","Owner publishes configured menu to QR guests through UI","PASS","SUPERSEDED","","Later attempt of the same named scenario retained; raw evidence preserved."
"captain-1791255029960","captain","Captain terminal refuses cashier PIN for a disallowed role","FAIL","HARNESS_ERROR","","Wrong selector, enum, response field, route or controlled-switch assertion; separately named corrected test passed. No application failure established by this attempt."
"captain-1791255038087","captain","Captain UI remains usable while offline and reconnect recovers tables","PASS","PASS","","Pass applies only to the assertions actually recorded, not every control on the page."
"super-1791255048859","super","FAULT SIMULATION restaurant API 503 shows recoverable error","FAIL","HARNESS_ERROR","","Wrong selector, enum, response field, route or controlled-switch assertion; separately named corrected test passed. No application failure established by this attempt."
"admin-1791255066136","admin","Owner publishes configured menu to QR guests through UI","PASS","PASS","","Pass applies only to the assertions actually recorded, not every control on the page."
"admin-1791255067600","admin","Owner generates branch scoped table QR from UI","PASS","PASS","","Pass applies only to the assertions actually recorded, not every control on the page."
"qr-1791255077514","qr","Invalid QR URL gives useful customer error without infinite loading","PASS","PASS","","Pass applies only to the assertions actually recorded, not every control on the page."
"qr-1791255078361","qr","QR customer adds GST18 item and authoritative quote is INR118","PASS","PASS","","Pass applies only to the assertions actually recorded, not every control on the page."
"qr-1791255079265","qr","QR customer double-click order is accepted once and survives refresh","PASS","PASS","","Pass applies only to the assertions actually recorded, not every control on the page."
"admin-1791255140098","admin","Route pending bank request remains masked with manual settlement","PASS","PASS","","Pass applies only to the assertions actually recorded, not every control on the page."
"admin-1791255140184","admin","Owner gross fee net paid and pending reconcile to captured kiosk snapshots","PASS","PASS","","Pass applies only to the assertions actually recorded, not every control on the page."
"admin-1791255140312","admin","Refund validation rejects excessive amount and empty reason before dispatch","PASS","PASS","","Pass applies only to the assertions actually recorded, not every control on the page."
"admin-1791255149882","admin","Restaurant B signed payment summary cannot read A collection via query ID","PASS","PARTIAL","","Restaurant B signed summary correctly returned zero; this individual action did not send the claimed query tampering. Separate entity/order tampering tests passed."
"super-1791255159174","super","EOD refuses unverified QA bank and cannot transfer money","PASS","PASS","","Pass applies only to the assertions actually recorded, not every control on the page."
"super-1791255161363","super","Platform commission changes require password step up and owner cannot edit rate","PASS","PARTIAL","","Negative authorization and existing 300-bps snapshot checked; positive rate change, per-restaurant override and future payment repricing were not executed."
"pos-1791255233872","pos","Measured POS KOT creation reaches backend and KDS with matching item amount and ID","PASS","PASS","","Pass applies only to the assertions actually recorded, not every control on the page."
"kds-1791255235541","kds","Measured kitchen ready update persists and returns to cashier without refreshing","PASS","PASS","","Pass applies only to the assertions actually recorded, not every control on the page."
"pos-1791255236006","pos","Measured running POS order cash settlement updates same order once","PASS","PASS","","Pass applies only to the assertions actually recorded, not every control on the page."
"captain-1791255281710","captain","Corrected cashier PIN denial accepts generic privacy preserving error","PASS","PASS","","Pass applies only to the assertions actually recorded, not every control on the page."
"super-1791255292651","super","Corrected FAULT SIMULATION restaurant API503 shows error and Retry recovers","PASS","PASS","","Pass applies only to the assertions actually recorded, not every control on the page."
"adminprod-1791255317304","adminprod","Second Restaurant Admin receives stock definition created on first device","FAIL","FAIL","B007","Confirmed application failure; see independently reviewed evidence and reproduction."
"pos-1791255367017","pos","Cashier opens QA shift with zero float and backend records actual zero","FAIL","SUPERSEDED","","Later attempt of the same named scenario retained; raw evidence preserved."
"pos-1791255448057","pos","Cashier opens QA shift with zero float and backend records actual zero","PASS","PASS","","Pass applies only to the assertions actually recorded, not every control on the page."
"admin-1791255483995","admin","Owner receives actual cashier zero float and cash INR314 shift ledger","FAIL","HARNESS_ERROR","","Wrong selector, enum, response field, route or controlled-switch assertion; separately named corrected test passed. No application failure established by this attempt."
"pos-1791255595719","pos","Security: server rejects cashier refund without manager authorization","FAIL","FAIL","B005","Confirmed application failure; see independently reviewed evidence and reproduction."
"pos-1791255641999","pos","Cashier closes QA zero-float shift with counted INR314 and zero variance","PASS","PASS","","Pass applies only to the assertions actually recorded, not every control on the page."
"admin-1791255665605","admin","Corrected owner shift field verifies zero float cash ledger and closed variance","PASS","PASS","","Pass applies only to the assertions actually recorded, not every control on the page."
"admin-1791255665829","admin","Corrected stock count confirms saved eighteen kg and negative one cloud adjustment","PASS","PASS","","Pass applies only to the assertions actually recorded, not every control on the page."
"super-1791255675413","super","Super Admin owner detail renders real restaurant owner and dashboard aliases recover","FAIL","PARTIAL","","Owner detail and dashboard alias rendered; fabricated route showed an access-denied fallback instead of the assumed redirect. Rendering and unknown-route expectation are separate."
"pos-1791255723506","pos","QR guest order reaches cashier once and UI accept preserves authoritative GST18 amount","PASS","PASS","","Pass applies only to the assertions actually recorded, not every control on the page."
"kds-1791255723662","kds","Accepted QR GST18 order projects one kitchen ticket with exact dish","PASS","PASS","","Pass applies only to the assertions actually recorded, not every control on the page."
"qr-1791255733224","qr","Guest status eventually shows kitchen READY for same QR order","PASS","PASS","","Pass applies only to the assertions actually recorded, not every control on the page."
"kiosk-1791255888771","kiosk","GST18 kiosk payable agrees with server amount before payment","FAIL","FAIL","B002","Confirmed application failure; see independently reviewed evidence and reproduction."
"kds-1791255893848","kds","Unpaid online kiosk checkout is withheld from kitchen until payment or explicit cash confirmation","FAIL","FAIL","B006","Confirmed application failure; see independently reviewed evidence and reproduction."
"pos-1791256021344","pos","Existing authenticated SSE channel opens and reconnects after browser outage","FAIL","PARTIAL","","Initial 200 event stream confirmed; brief browser offline did not force a new stream within 25 seconds. Subsequent actual API restart reconnection passed. Not evidence of a broken reconnect."
"kds-1791256057181","kds","Existing authenticated SSE channel opens and reconnects after browser outage","FAIL","PARTIAL","","Initial 200 event stream confirmed; brief browser offline did not force a new stream within 25 seconds. Subsequent actual API restart reconnection passed. Not evidence of a broken reconnect."
"qr-1791256092902","qr","Public QR quote rejects invalid quantity -1 without creating order","PASS","PASS","","Pass applies only to the assertions actually recorded, not every control on the page."
"qr-1791256093225","qr","Public QR quote rejects invalid quantity 0 without creating order","PASS","PASS","","Pass applies only to the assertions actually recorded, not every control on the page."
"qr-1791256093233","qr","Public QR quote rejects invalid quantity 51 without creating order","PASS","PASS","","Pass applies only to the assertions actually recorded, not every control on the page."
"qr-1791256093239","qr","Public QR fabricated reference exposes no order data","PASS","PASS","","Pass applies only to the assertions actually recorded, not every control on the page."
"pos-1791256301168","pos","Authenticated SSE reconnects after isolated API process restart","PASS","PASS","","Pass applies only to the assertions actually recorded, not every control on the page."
"kds-1791256305728","kds","Authenticated SSE reconnects after isolated API process restart","PASS","PASS","","Pass applies only to the assertions actually recorded, not every control on the page."
