app,route_or_view,navigation_result,functional_certification,note
"super","/","RENDERED","PARTIAL: see TEST_MATRIX.csv for specific assertions","A rendered view is not certification of every action."
"super","/restaurants","RENDERED","PARTIAL: see TEST_MATRIX.csv for specific assertions","A rendered view is not certification of every action."
"super","/restaurants/onboard","RENDERED","PARTIAL: see TEST_MATRIX.csv for specific assertions","A rendered view is not certification of every action."
"super","/restaurants/:id","RENDERED","PARTIAL: see TEST_MATRIX.csv for specific assertions","A rendered view is not certification of every action."
"super","/owners","RENDERED","PARTIAL: see TEST_MATRIX.csv for specific assertions","A rendered view is not certification of every action."
"super","/branches","RENDERED","PARTIAL: see TEST_MATRIX.csv for specific assertions","A rendered view is not certification of every action."
"super","/branches/:id","RENDERED","PARTIAL: see TEST_MATRIX.csv for specific assertions","A rendered view is not certification of every action."
"super","/plans","RENDERED","PARTIAL: see TEST_MATRIX.csv for specific assertions","A rendered view is not certification of every action."
"super","/plans/:id","RENDERED","PARTIAL: see TEST_MATRIX.csv for specific assertions","A rendered view is not certification of every action."
"super","/qr-ordering","RENDERED","PARTIAL: see TEST_MATRIX.csv for specific assertions","A rendered view is not certification of every action."
"super","/whatsapp-ordering","RENDERED","PARTIAL: see TEST_MATRIX.csv for specific assertions","A rendered view is not certification of every action."
"super","/ai-assistant","RENDERED","PARTIAL: see TEST_MATRIX.csv for specific assertions","A rendered view is not certification of every action."
"super","/catalog","RENDERED","PARTIAL: see TEST_MATRIX.csv for specific assertions","A rendered view is not certification of every action."
"super","/subscriptions","RENDERED","PARTIAL: see TEST_MATRIX.csv for specific assertions","A rendered view is not certification of every action."
"super","/billing","RENDERED","PARTIAL: see TEST_MATRIX.csv for specific assertions","A rendered view is not certification of every action."
"super","/entitlements","RENDERED","PARTIAL: see TEST_MATRIX.csv for specific assertions","A rendered view is not certification of every action."
"super","/feature-catalog","RENDERED","PARTIAL: see TEST_MATRIX.csv for specific assertions","A rendered view is not certification of every action."
"super","/reports","RENDERED","PARTIAL: see TEST_MATRIX.csv for specific assertions","A rendered view is not certification of every action."
"super","/applications","RENDERED","PARTIAL: see TEST_MATRIX.csv for specific assertions","A rendered view is not certification of every action."
"super","/activation-keys","RENDERED","PARTIAL: see TEST_MATRIX.csv for specific assertions","A rendered view is not certification of every action."
"super","/payment-connections","RENDERED","PARTIAL: see TEST_MATRIX.csv for specific assertions","A rendered view is not certification of every action."
"super","/platform-payments","RENDERED","PARTIAL: see TEST_MATRIX.csv for specific assertions","A rendered view is not certification of every action."
"super","/payouts","RENDERED","PARTIAL: see TEST_MATRIX.csv for specific assertions","A rendered view is not certification of every action."
"super","/devices","RENDERED","PARTIAL: see TEST_MATRIX.csv for specific assertions","A rendered view is not certification of every action."
"super","/devices/:id","RENDERED","PARTIAL: see TEST_MATRIX.csv for specific assertions","A rendered view is not certification of every action."
"super","/sync-monitor","RENDERED","PARTIAL: see TEST_MATRIX.csv for specific assertions","A rendered view is not certification of every action."
"super","/backups","RENDERED","PARTIAL: see TEST_MATRIX.csv for specific assertions","A rendered view is not certification of every action."
"super","/sandboxes","RENDERED","PARTIAL: see TEST_MATRIX.csv for specific assertions","A rendered view is not certification of every action."
"super","/offline-policy","RENDERED","PARTIAL: see TEST_MATRIX.csv for specific assertions","A rendered view is not certification of every action."
"super","/team","RENDERED","PARTIAL: see TEST_MATRIX.csv for specific assertions","A rendered view is not certification of every action."
"super","/support","RENDERED","PARTIAL: see TEST_MATRIX.csv for specific assertions","A rendered view is not certification of every action."
"super","/tickets","RENDERED","PARTIAL: see TEST_MATRIX.csv for specific assertions","A rendered view is not certification of every action."
"super","/notifications","RENDERED","PARTIAL: see TEST_MATRIX.csv for specific assertions","A rendered view is not certification of every action."
"super","/audit-logs","RENDERED","PARTIAL: see TEST_MATRIX.csv for specific assertions","A rendered view is not certification of every action."
"super","/system-health","RENDERED","PARTIAL: see TEST_MATRIX.csv for specific assertions","A rendered view is not certification of every action."
"super","/settings/platform","RENDERED","PARTIAL: see TEST_MATRIX.csv for specific assertions","A rendered view is not certification of every action."
"super","/profile","RENDERED","PARTIAL: see TEST_MATRIX.csv for specific assertions","A rendered view is not certification of every action."
"admin","DASHBOARD","RENDERED","PARTIAL: see TEST_MATRIX.csv for specific assertions","A rendered view is not certification of every action."
"admin","BILLING_SALES","RENDERED","PARTIAL: see TEST_MATRIX.csv for specific assertions","A rendered view is not certification of every action."
"admin","ORDERS","RENDERED","PARTIAL: see TEST_MATRIX.csv for specific assertions","A rendered view is not certification of every action."
"admin","LIVE_KDS","RENDERED","PARTIAL: see TEST_MATRIX.csv for specific assertions","A rendered view is not certification of every action."
"admin","TABLES","RENDERED","PARTIAL: see TEST_MATRIX.csv for specific assertions","A rendered view is not certification of every action."
"admin","RESERVATIONS","RENDERED","PARTIAL: see TEST_MATRIX.csv for specific assertions","A rendered view is not certification of every action."
"admin","KITCHEN_KOT","RENDERED","PARTIAL: see TEST_MATRIX.csv for specific assertions","A rendered view is not certification of every action."
"admin","QR_ORDERING","RENDERED","PARTIAL: see TEST_MATRIX.csv for specific assertions","Resolved by real QR overview/table/orders/settings UI visits"
"admin","MENU","RENDERED","PARTIAL: see TEST_MATRIX.csv for specific assertions","A rendered view is not certification of every action."
"admin","MENU_OPTIONS","RENDERED","PARTIAL: see TEST_MATRIX.csv for specific assertions","A rendered view is not certification of every action."
"admin","INVENTORY","RENDERED","PARTIAL: see TEST_MATRIX.csv for specific assertions","A rendered view is not certification of every action."
"admin","INVENTORY_CONTROL","RENDERED","PARTIAL: see TEST_MATRIX.csv for specific assertions","A rendered view is not certification of every action."
"admin","CUSTOMERS","RENDERED","PARTIAL: see TEST_MATRIX.csv for specific assertions","A rendered view is not certification of every action."
"admin","STAFF","RENDERED","PARTIAL: see TEST_MATRIX.csv for specific assertions","A rendered view is not certification of every action."
"admin","PAYMENTS","RENDERED","PARTIAL: see TEST_MATRIX.csv for specific assertions","A rendered view is not certification of every action."
"admin","COUPONS","RENDERED","PARTIAL: see TEST_MATRIX.csv for specific assertions","A rendered view is not certification of every action."
"admin","SHIFTS","RENDERED","PARTIAL: see TEST_MATRIX.csv for specific assertions","A rendered view is not certification of every action."
"admin","KIOSKS","RENDERED","PARTIAL: see TEST_MATRIX.csv for specific assertions","A rendered view is not certification of every action."
"admin","REPORTS","RENDERED","PARTIAL: see TEST_MATRIX.csv for specific assertions","A rendered view is not certification of every action."
"admin","HARDWARE","RENDERED","PARTIAL: see TEST_MATRIX.csv for specific assertions","A rendered view is not certification of every action."
"admin","RECEIPTS","RENDERED","PARTIAL: see TEST_MATRIX.csv for specific assertions","A rendered view is not certification of every action."
"admin","SYNC","RENDERED","PARTIAL: see TEST_MATRIX.csv for specific assertions","A rendered view is not certification of every action."
"admin","SETTINGS","RENDERED","PARTIAL: see TEST_MATRIX.csv for specific assertions","A rendered view is not certification of every action."
"admin","LICENSE","RENDERED","PARTIAL: see TEST_MATRIX.csv for specific assertions","A rendered view is not certification of every action."
"admin","AUDIT","RENDERED","PARTIAL: see TEST_MATRIX.csv for specific assertions","A rendered view is not certification of every action."
"admin","BACKUP","RENDERED","PARTIAL: see TEST_MATRIX.csv for specific assertions","A rendered view is not certification of every action."
"admin","SUPPORT","RENDERED","PARTIAL: see TEST_MATRIX.csv for specific assertions","A rendered view is not certification of every action."
"pos","Dashboard","NOT_PRESENT_FOR_CASHIER","PARTIAL: see TEST_MATRIX.csv for specific assertions","A rendered view is not certification of every action."
"pos","Live Orders","RENDERED","PARTIAL: see TEST_MATRIX.csv for specific assertions","A rendered view is not certification of every action."
"pos","Table Layout","NOT_PRESENT_FOR_CASHIER","PARTIAL: see TEST_MATRIX.csv for specific assertions","A rendered view is not certification of every action."
"pos","Customers","RENDERED","PARTIAL: see TEST_MATRIX.csv for specific assertions","A rendered view is not certification of every action."
"pos","Reports","RENDERED","PARTIAL: see TEST_MATRIX.csv for specific assertions","A rendered view is not certification of every action."
"pos","Inventory","RENDERED","PARTIAL: see TEST_MATRIX.csv for specific assertions","A rendered view is not certification of every action."
"pos","Expenses","NOT_PRESENT_FOR_CASHIER","PARTIAL: see TEST_MATRIX.csv for specific assertions","A rendered view is not certification of every action."
"pos","Shift","RENDERED","PARTIAL: see TEST_MATRIX.csv for specific assertions","A rendered view is not certification of every action."
"pos","Settings","RENDERED","PARTIAL: see TEST_MATRIX.csv for specific assertions","A rendered view is not certification of every action."
"captain","My Tables","RENDERED","PARTIAL: see TEST_MATRIX.csv for specific assertions","A rendered view is not certification of every action."
"captain","Orders","RENDERED","PARTIAL: see TEST_MATRIX.csv for specific assertions","A rendered view is not certification of every action."
"captain","More","RENDERED","PARTIAL: see TEST_MATRIX.csv for specific assertions","A rendered view is not certification of every action."
"kds","Cooking","RENDERED","PARTIAL: see TEST_MATRIX.csv for specific assertions","A rendered view is not certification of every action."
"kds","Ready","RENDERED","PARTIAL: see TEST_MATRIX.csv for specific assertions","A rendered view is not certification of every action."
"kds","Served","RENDERED","PARTIAL: see TEST_MATRIX.csv for specific assertions","A rendered view is not certification of every action."
"kds","All","RENDERED","PARTIAL: see TEST_MATRIX.csv for specific assertions","A rendered view is not certification of every action."
"admin","Purchasing/Receive goods","RENDERED","PARTIAL: see TEST_MATRIX.csv for specific assertions","A rendered view is not certification of every action."
"admin","Purchasing/Suppliers","RENDERED","PARTIAL: see TEST_MATRIX.csv for specific assertions","A rendered view is not certification of every action."
"admin","Purchasing/Stock count","RENDERED","PARTIAL: see TEST_MATRIX.csv for specific assertions","A rendered view is not certification of every action."
"admin","Purchasing/Reorder & expiry","RENDERED","PARTIAL: see TEST_MATRIX.csv for specific assertions","A rendered view is not certification of every action."
"admin","Purchasing/Costing & reports","RENDERED","PARTIAL: see TEST_MATRIX.csv for specific assertions","A rendered view is not certification of every action."
"captain","captain-Food Ready","RENDERED","PARTIAL: see TEST_MATRIX.csv for specific assertions","A rendered view is not certification of every action."
"captain","captain-Messages","RENDERED","PARTIAL: see TEST_MATRIX.csv for specific assertions","A rendered view is not certification of every action."
"captain","captain-more-Live KOT Tickets & Kitchen Stations","RENDERED","PARTIAL: see TEST_MATRIX.csv for specific assertions","A rendered view is not certification of every action."
"captain","captain-more-Guest Service Requests","RENDERED","PARTIAL: see TEST_MATRIX.csv for specific assertions","A rendered view is not certification of every action."
"captain","captain-more-Shift & Performance Dashboard","RENDERED","PARTIAL: see TEST_MATRIX.csv for specific assertions","A rendered view is not certification of every action."
"captain","captain-connection-settings","RENDERED","PARTIAL: see TEST_MATRIX.csv for specific assertions","A rendered view is not certification of every action."
"admin","QR/Overview","RENDERED","PARTIAL: see TEST_MATRIX.csv for specific assertions","A rendered view is not certification of every action."
"admin","QR/Tables & QR","RENDERED","PARTIAL: see TEST_MATRIX.csv for specific assertions","A rendered view is not certification of every action."
"admin","QR/QR Orders","RENDERED","PARTIAL: see TEST_MATRIX.csv for specific assertions","A rendered view is not certification of every action."
"admin","QR/QR Settings","RENDERED","PARTIAL: see TEST_MATRIX.csv for specific assertions","A rendered view is not certification of every action."
"kds","kds-thirty-ticket-load-corrected","RENDERED","PARTIAL: see TEST_MATRIX.csv for specific assertions","A rendered view is not certification of every action."
"kds","kds-tab-Active","RENDERED","PARTIAL: see TEST_MATRIX.csv for specific assertions","A rendered view is not certification of every action."
"kds","kds-tab-Cooking","RENDERED","PARTIAL: see TEST_MATRIX.csv for specific assertions","A rendered view is not certification of every action."
"kds","kds-tab-Ready","RENDERED","PARTIAL: see TEST_MATRIX.csv for specific assertions","A rendered view is not certification of every action."
"kds","kds-tab-Served","RENDERED","PARTIAL: see TEST_MATRIX.csv for specific assertions","A rendered view is not certification of every action."
"kds","kds-tab-Expo","RENDERED","PARTIAL: see TEST_MATRIX.csv for specific assertions","A rendered view is not certification of every action."
"kds","kds-main-kitchen-station","RENDERED","PARTIAL: see TEST_MATRIX.csv for specific assertions","A rendered view is not certification of every action."
"kds","kds-switch-station","RENDERED","PARTIAL: see TEST_MATRIX.csv for specific assertions","A rendered view is not certification of every action."
"pos","pos-full-nav-Floor & Tables","RENDERED","PARTIAL: see TEST_MATRIX.csv for specific assertions","A rendered view is not certification of every action."
"pos","pos-full-nav-Live Orders","RENDERED","PARTIAL: see TEST_MATRIX.csv for specific assertions","A rendered view is not certification of every action."
"pos","pos-full-nav-Bills & Invoices","RENDERED","PARTIAL: see TEST_MATRIX.csv for specific assertions","A rendered view is not certification of every action."
"pos","pos-full-nav-Kitchen & KOT","RENDERED","PARTIAL: see TEST_MATRIX.csv for specific assertions","A rendered view is not certification of every action."
"pos","pos-full-nav-Customers CRM","RENDERED","PARTIAL: see TEST_MATRIX.csv for specific assertions","A rendered view is not certification of every action."
"pos","pos-full-nav-Shift & Cash","RENDERED","PARTIAL: see TEST_MATRIX.csv for specific assertions","A rendered view is not certification of every action."
"pos","pos-full-nav-Day History","RENDERED","PARTIAL: see TEST_MATRIX.csv for specific assertions","A rendered view is not certification of every action."
"pos","pos-full-nav-POS Reports","RENDERED","PARTIAL: see TEST_MATRIX.csv for specific assertions","A rendered view is not certification of every action."
"pos","pos-full-nav-Inventory & Stock","RENDERED","PARTIAL: see TEST_MATRIX.csv for specific assertions","A rendered view is not certification of every action."
"pos","pos-full-nav-Settings","RENDERED","PARTIAL: see TEST_MATRIX.csv for specific assertions","A rendered view is not certification of every action."
"pos","pos-settings-Hardware & Printers","RENDERED","PARTIAL: see TEST_MATRIX.csv for specific assertions","A rendered view is not certification of every action."
"pos","pos-settings-Reports & Design","RENDERED","PARTIAL: see TEST_MATRIX.csv for specific assertions","A rendered view is not certification of every action."
"pos","pos-settings-Instant Bill","RENDERED","PARTIAL: see TEST_MATRIX.csv for specific assertions","A rendered view is not certification of every action."
"pos","pos-settings-Local DB & Sync","RENDERED","PARTIAL: see TEST_MATRIX.csv for specific assertions","A rendered view is not certification of every action."
"pos","pos-settings-Subscription & License","RENDERED","PARTIAL: see TEST_MATRIX.csv for specific assertions","A rendered view is not certification of every action."
"pos","pos-print-queue-no-hardware","RENDERED","PARTIAL: see TEST_MATRIX.csv for specific assertions","A rendered view is not certification of every action."
"super","unauth-mobile-super","RENDERED","PARTIAL: see TEST_MATRIX.csv for specific assertions","A rendered view is not certification of every action."
"admin","unauth-mobile-admin","RENDERED","PARTIAL: see TEST_MATRIX.csv for specific assertions","A rendered view is not certification of every action."
"pos","unauth-mobile-pos","RENDERED","PARTIAL: see TEST_MATRIX.csv for specific assertions","A rendered view is not certification of every action."
"captain","unauth-mobile-captain","RENDERED","PARTIAL: see TEST_MATRIX.csv for specific assertions","A rendered view is not certification of every action."
"kds","unauth-mobile-kds","RENDERED","PARTIAL: see TEST_MATRIX.csv for specific assertions","A rendered view is not certification of every action."
"kiosk","unauth-mobile-kiosk","RENDERED","PARTIAL: see TEST_MATRIX.csv for specific assertions","A rendered view is not certification of every action."
"super","/owners/:id","RENDERED","PARTIAL: see TEST_MATRIX.csv for specific assertions","A rendered view is not certification of every action."
