app,method,endpoint,calls,completed,meanMs,p95Ms,maxMs,classification,statusCounts,failedRequests,errors4xx5xx,meanPayloadBytes,maxPayloadBytes
"API middleware","GET","/api/v1/devices/me/fleet","26033","26033","4","5.92","144.6","GOOD","{""200"":26033}","0","0","",""
"API middleware","GET","/api/v1/orders/sync","809","809","11.54","16.74","438.7","GOOD","{""200"":809}","0","0","",""
"API middleware","GET","/api/v1/entity-sync/DINING_TABLE","464","464","11.53","14.34","538.28","GOOD","{""200"":464}","0","0","",""
"API middleware","GET","/api/v1/entity-sync/SERVICE_MESSAGE","379","379","8.15","15.45","209.63","GOOD","{""200"":379}","0","0","",""
"API middleware","GET","/api/v1/entity-sync/STAFF_USER","369","369","11.61","14.67","456.08","GOOD","{""200"":369}","0","0","",""
"API middleware","GET","/api/v1/entity-sync/MENU_CATEGORY","327","327","3.78","7.02","14.96","GOOD","{""200"":327}","0","0","",""
"API middleware","GET","/api/v1/entity-sync/MENU_ITEM","307","307","5.74","9.25","21.24","GOOD","{""200"":307}","0","0","",""
"API middleware","GET","/api/v1/entity-sync/TAX_GROUP","295","295","13.9","24.93","425.39","GOOD","{""200"":295}","0","0","",""
"API middleware","GET","/api/v1/entity-sync/MODIFIER_GROUP","293","293","5.13","9.04","126.29","GOOD","{""200"":293}","0","0","",""
"API middleware","GET","/api/v1/menu/version","258","258","4.59","7.84","12.57","GOOD","{""200"":23,""304"":235}","0","0","",""
"API middleware","PATCH","/api/v1/devices/me/heartbeat","256","256","55.2","330.75","721.14","ACCEPTABLE","{""200"":256}","0","0","",""
"API middleware","GET","/api/v1/tenant/me/applications","225","225","5.67","17.41","27.85","GOOD","{""200"":3,""304"":105,""401"":117}","0","117","",""
"API middleware","GET","/api/v1/entity-sync/SHIFT","209","209","7.65","12.93","127.89","GOOD","{""200"":209}","0","0","",""
"API middleware","GET","/api/v1/entity-sync/RESERVATION","188","188","7.29","11.24","240.87","GOOD","{""200"":188}","0","0","",""
"API middleware","GET","/api/v1/devices/me/commands","187","187","7.6","11.93","19.22","GOOD","{""200"":8,""304"":179}","0","0","",""
"API middleware","GET","/api/v1/entity-sync/CUSTOMER","166","166","19.22","31.71","608.15","GOOD","{""200"":166}","0","0","",""
"API middleware","GET","/api/v1/devices/me/restaurant","153","153","9.8","10.32","221.52","GOOD","{""200"":7,""304"":146}","0","0","",""
"API middleware","GET","/api/v1/inventory/movements","146","146","8.48","10.65","368.24","GOOD","{""200"":16,""304"":130}","0","0","",""
"API middleware","GET","/api/v1/entity-sync/CASH_MOVEMENT","135","135","9.28","11.04","291.23","GOOD","{""200"":135}","0","0","",""
"API middleware","GET","/api/v1/platform/system-health","120","120","3.4","4.85","6.52","GOOD","{""200"":116,""401"":4}","0","4","",""
"API middleware","GET","/api/v1/tenant/me/entitlements","118","118","8.26","25.66","141.29","GOOD","{""200"":3,""304"":60,""401"":55}","0","55","",""
"API middleware","GET","/api/v1/platform/me","114","114","2.45","3.83","4.68","GOOD","{""200"":5,""304"":105,""401"":4}","0","4","",""
"API middleware","GET","/api/v1/platform/notifications/unread-count","114","114","11.43","13.02","228.53","GOOD","{""200"":5,""304"":109}","0","0","",""
"API middleware","GET","/api/v1/entity-sync/COUPON","90","90","6.76","13.42","121.06","GOOD","{""200"":90}","0","0","",""
"API middleware","GET","/api/v1/entity-sync/COMBO","89","89","25.25","131.69","523.37","GOOD","{""200"":89}","0","0","",""
"API middleware","GET","/api/v1/restaurant/qr/entitlement","63","63","17.81","25.52","137.9","GOOD","{""200"":3,""304"":60}","0","0","",""
"API middleware","POST","/api/v1/platform-auth/refresh","59","59","5.49","8.52","8.89","GOOD","{""200"":55,""401"":4}","0","4","",""
"API middleware","POST","/api/v1/orders/sync","59","59","23.25","92.95","171.71","GOOD","{""201"":59}","0","0","",""
"API middleware","GET","/api/v1/devices/me/ai-config","50","50","61.81","375.43","561.41","ACCEPTABLE","{""200"":6,""304"":44}","0","0","",""
"API middleware","GET","/api/v1/payments/:id/status","42","42","6.36","13.79","16.09","GOOD","{""200"":7,""304"":31,""503"":4}","0","4","",""
"API middleware","GET","/api/v1/restaurants","31","31","10.18","15.9","17.54","GOOD","{""200"":6,""304"":25}","0","0","",""
"API middleware","POST","/api/v1/tenant-auth/refresh","28","28","14.36","21.63","22.06","GOOD","{""200"":22,""401"":6}","0","6","",""
"API middleware","GET","/api/v1/restaurant/qr/branches","28","28","4.31","6.51","8.15","GOOD","{""200"":1,""304"":27}","0","0","",""
"API middleware","GET","/api/v1/entity-sync/CUSTOMER_FEEDBACK","23","23","27.7","22.05","463.44","GOOD","{""200"":23}","0","0","",""
"API middleware","GET","/api/v1/platform/dashboard","22","22","21.9","34.32","40","GOOD","{""200"":21,""304"":1}","0","0","",""
"API middleware","GET","/api/v1/menu/draft-status","19","19","7.38","26.21","26.21","GOOD","{""200"":7,""304"":12}","0","0","",""
"API middleware","GET","/api/v1/entity-sync/INVENTORY_ITEM","19","19","2.33","3.4","3.4","GOOD","{""200"":19}","0","0","",""
"API middleware","POST","/api/v1/sync/number-leases","16","16","21.06","221.35","221.35","ACCEPTABLE","{""201"":16}","0","0","",""
"API middleware","GET","/api/v1/restaurant/qr/tables","15","15","6.64","12.1","12.1","GOOD","{""200"":2,""304"":13}","0","0","",""
"API middleware","POST","/api/v1/staff/sign-in","13","13","68.56","164.98","164.98","GOOD","{""201"":13}","0","0","",""
"API middleware","GET","/api/v1/tenant/payment-connection","12","12","11.45","32.37","32.37","GOOD","{""200"":5,""304"":7}","0","0","",""
"API middleware","POST","/api/v1/activation-keys","11","11","13.59","19.68","19.68","GOOD","{""201"":11}","0","0","",""
"API middleware","GET","/api/v1/plans","10","10","6.27","7.63","7.63","GOOD","{""200"":4,""304"":6}","0","0","",""
"API middleware","GET","/api/v1/restaurants/:id","10","10","7.57","13.04","13.04","GOOD","{""200"":4,""304"":4,""401"":2}","0","2","",""
"API middleware","POST","/api/v1/payments/razorpay/webhook","8","8","8.1","14.39","14.39","GOOD","{""200"":8}","0","0","",""
"API middleware","GET","/api/v1/restaurant/qr/overview","8","8","17.76","30.66","30.66","GOOD","{""200"":1,""304"":7}","0","0","",""
"API middleware","GET","/api/v1/public/qr/orders/:reference","8","8","7.06","10.88","10.88","GOOD","{""200"":3,""304"":4,""404"":1}","0","1","",""
"API middleware","GET","/api/v1/menu/branch-overrides","7","7","3.67","4.77","4.77","GOOD","{""200"":1,""304"":6}","0","0","",""
"API middleware","GET","/api/v1/branches","7","7","8.23","11.18","11.18","GOOD","{""200"":2,""304"":5}","0","0","",""
"API middleware","GET","/api/v1/payments/payout-summary","7","7","15.15","24.99","24.99","GOOD","{""200"":3,""304"":3,""401"":1}","0","1","",""
"API middleware","GET","/api/v1/platform-auth/login","6","6","1.36","2.68","2.68","GOOD","{""404"":6}","0","6","",""
"API middleware","POST","/api/v1/tenant-auth/login-owner","6","6","12.79","18.95","18.95","GOOD","{""200"":6}","0","0","",""
"API middleware","GET","/api/v1/owners","6","6","7.18","8.92","8.92","GOOD","{""200"":3,""304"":3}","0","0","",""
"API middleware","GET","/api/v1/platform/offline-policy/approaching-expiry","6","6","8.45","11.87","11.87","GOOD","{""200"":2,""304"":4}","0","0","",""
"API middleware","GET","/api/v1/restaurant/qr/orders","6","6","3.39","4.1","4.1","GOOD","{""200"":1,""304"":5}","0","0","",""
"API middleware","GET","/api/v1/restaurant/qr/branding","6","6","3.3","4.53","4.53","GOOD","{""200"":1,""304"":5}","0","0","",""
"API middleware","GET","/api/v1/restaurant/qr/settings","6","6","4.21","5.72","5.72","GOOD","{""200"":1,""304"":5}","0","0","",""
"API middleware","POST","/api/v1/public/qr/:token","6","6","3.16","4.47","4.47","GOOD","{""200"":6}","0","0","",""
"API middleware","GET","/api/v1/public/qr/:token/menu","6","6","11.37","21.91","21.91","GOOD","{""200"":1,""304"":5}","0","0","",""
"API middleware","GET","/api/v1/public/qr/:token","6","6","14.67","27.33","27.33","GOOD","{""200"":1,""304"":5}","0","0","",""
"API middleware","GET","/api/v1/payments/commission-config","5","5","5.88","7.65","7.65","GOOD","{""200"":2,""304"":3}","0","0","",""
"API middleware","GET","/api/v1/payment-connections","5","5","7.06","9.12","9.12","GOOD","{""200"":3,""304"":2}","0","0","",""
"API middleware","GET","/api/v1/payments/payouts","5","5","9.58","14.88","14.88","GOOD","{""200"":1,""304"":4}","0","0","",""
"API middleware","GET","/api/v1/payments/payouts/overview","5","5","17.76","30.41","30.41","GOOD","{""200"":2,""304"":3}","0","0","",""
"API middleware","GET","/api/v1/platform-users","5","5","4.82","6.49","6.49","GOOD","{""200"":1,""304"":3,""401"":1}","0","1","",""
"API middleware","POST","/api/v1/activation/redeem","5","5","13.26","15.83","15.83","GOOD","{""201"":5}","0","0","",""
"API middleware","POST","/api/v1/payments/orders","5","5","21.69","28.58","28.58","GOOD","{""201"":5}","0","0","",""
"API middleware","POST","/api/v1/payments/:id/qr","5","5","267.18","1293.15","1293.15","VERY SLOW","{""201"":4,""503"":1}","0","1","",""
"API middleware","POST","/api/v1/public/qr/:token/quote","5","5","3.93","5.48","5.48","GOOD","{""200"":2,""400"":3}","0","3","",""
"API middleware","POST","/api/v1/platform-auth/login","4","4","71.9","85.8","85.8","GOOD","{""200"":2,""401"":2}","0","2","",""
"API middleware","GET","/api/v1/platform/settings","4","4","6.54","7.68","7.68","GOOD","{""200"":1,""304"":3}","0","0","",""
"API middleware","GET","/api/v1/invoices/receivables","4","4","9.33","13.57","13.57","GOOD","{""200"":1,""304"":3}","0","0","",""
"API middleware","POST","/api/v1/entity-sync/DINING_TABLE","4","4","8.11","11.05","11.05","GOOD","{""201"":4}","0","0","",""
"API middleware","POST","/api/v1/entity-sync/STAFF_USER","4","4","9.25","10.66","10.66","GOOD","{""201"":4}","0","0","",""
"API middleware","GET","/api/v1/payments/tenant-recent","4","4","10.58","12.7","12.7","GOOD","{""200"":2,""304"":2}","0","0","",""
"API middleware","GET","/api/v1/payments/payout-history","4","4","7.44","9.75","9.75","GOOD","{""200"":1,""304"":3}","0","0","",""
"API middleware","GET","/api/v1/payments/tenant-statement","4","4","11.94","13.05","13.05","GOOD","{""200"":2,""304"":2}","0","0","",""
"API middleware","POST","/api/v1/menu/publish","4","4","11.32","13.8","13.8","GOOD","{""201"":4}","0","0","",""
"API middleware","POST","/api/v1/subscriptions","3","3","25.37","29.84","29.84","GOOD","{""201"":3}","0","0","",""
"API middleware","POST","/api/v1/branches","3","3","11.97","16.52","16.52","GOOD","{""201"":3}","0","0","",""
"API middleware","POST","/api/v1/tenant-auth/activate-device","3","3","20.77","27.36","27.36","GOOD","{""200"":3}","0","0","",""
"API middleware","POST","/api/v1/entity-sync/MENU_ITEM","3","3","11.72","17.58","17.58","GOOD","{""201"":3}","0","0","",""
"API middleware","GET","/api/v1/platform/sandboxes","3","3","6.41","9.04","9.04","GOOD","{""200"":1,""304"":2}","0","0","",""
"API middleware","GET","/api/v1/platform/offline-policy/extensions","3","3","6.7","9.65","9.65","GOOD","{""200"":1,""304"":2}","0","0","",""
"API middleware","GET","/api/v1/platform/offline-policy/policy","3","3","4.97","5.75","5.75","GOOD","{""200"":1,""304"":2}","0","0","",""
"API middleware","GET","/api/v1/platform/offline-policy/signing-status","3","3","4.58","5.13","5.13","GOOD","{""200"":1,""304"":2}","0","0","",""
"API middleware","GET","/api/v1/restaurants/:id/payment-connection","3","3","2.39","5.23","5.23","GOOD","{""200"":1,""401"":2}","0","2","",""
"API middleware","POST","/api/v1/inventory/movements","3","3","8.03","9.69","9.69","GOOD","{""201"":3}","0","0","",""
"API middleware","POST","/api/v1/tenant-auth/logout","3","3","0.48","0.59","0.59","GOOD","{""401"":3}","0","3","",""
"API middleware","PATCH","/api/v1/payments/commission-config","3","3","21.55","61.41","61.41","GOOD","{""401"":1,""403"":2}","0","3","",""
"API middleware","POST","/api/v1/entity-sync/SHIFT","3","3","42.57","93.46","93.46","GOOD","{""201"":3}","0","0","",""
"API middleware","POST","/api/v1/platform-auth/verify-otp","2","2","9.66","12.56","12.56","GOOD","{""200"":2}","0","0","",""
"API middleware","POST","/api/v1/restaurants","2","2","14.32","18.35","18.35","GOOD","{""201"":2}","0","0","",""
"API middleware","GET","/api/v1/plans/seed-plan-pro","2","2","7.94","8.07","8.07","GOOD","{""200"":1,""304"":1}","0","0","",""
"API middleware","GET","/api/v1/qr-ordering/restaurants","2","2","23.23","24.54","24.54","GOOD","{""200"":2}","0","0","",""
"API middleware","GET","/api/v1/qr-ordering/metrics","2","2","26.16","28.62","28.62","GOOD","{""200"":1,""304"":1}","0","0","",""
"API middleware","GET","/api/v1/whatsapp-ordering/metrics","2","2","6.17","6.55","6.55","GOOD","{""200"":1,""304"":1}","0","0","",""
"API middleware","GET","/api/v1/whatsapp-ordering/restaurants","2","2","7.83","8.55","8.55","GOOD","{""200"":1,""304"":1}","0","0","",""
"API middleware","GET","/api/v1/ai-assistant/config","2","2","76.64","139.46","139.46","GOOD","{""200"":1,""304"":1}","0","0","",""
"API middleware","GET","/api/v1/master-catalog/categories","2","2","6.67","6.91","6.91","GOOD","{""200"":1,""304"":1}","0","0","",""
"API middleware","GET","/api/v1/master-catalog/items","2","2","7.17","8.77","8.77","GOOD","{""200"":1,""304"":1}","0","0","",""
"API middleware","GET","/api/v1/subscriptions","2","2","8.94","9.96","9.96","GOOD","{""200"":1,""304"":1}","0","0","",""
"API middleware","GET","/api/v1/invoices/summary","2","2","15.59","18.67","18.67","GOOD","{""200"":1,""304"":1}","0","0","",""
"API middleware","GET","/api/v1/application-entitlements/catalog","2","2","8.03","9.57","9.57","GOOD","{""200"":1,""304"":1}","0","0","",""
"API middleware","GET","/api/v1/feature-categories","2","2","8.49","10.13","10.13","GOOD","{""200"":1,""304"":1}","0","0","",""
"API middleware","GET","/api/v1/features","2","2","9.5","10.69","10.69","GOOD","{""200"":1,""304"":1}","0","0","",""
"API middleware","GET","/api/v1/platform/reports/revenue","2","2","12.4","17.15","17.15","GOOD","{""200"":1,""304"":1}","0","0","",""
"API middleware","GET","/api/v1/platform/reports/subscriptions","2","2","7.36","8.66","8.66","GOOD","{""200"":1,""304"":1}","0","0","",""
"API middleware","GET","/api/v1/platform/reports/restaurants","2","2","326.38","638.29","638.29","SLOW","{""200"":1,""304"":1}","0","0","",""
"API middleware","GET","/api/v1/platform/reports/summary","2","2","376.93","740.03","740.03","SLOW","{""200"":1,""304"":1}","0","0","",""
"API middleware","GET","/api/v1/platform/reports/devices","2","2","516.22","1020.82","1020.82","VERY SLOW","{""200"":1,""304"":1}","0","0","",""
"API middleware","GET","/api/v1/applications","2","2","14.1","15.46","15.46","GOOD","{""200"":1,""304"":1}","0","0","",""
"API middleware","GET","/api/v1/activation-keys/by-restaurant","2","2","12","12.62","12.62","GOOD","{""200"":1,""304"":1}","0","0","",""
"API middleware","GET","/api/v1/payments/platform-summary","2","2","12.7","12.74","12.74","GOOD","{""200"":1,""304"":1}","0","0","",""
"API middleware","GET","/api/v1/payments/attention","2","2","12.28","12.99","12.99","GOOD","{""200"":1,""304"":1}","0","0","",""
"API middleware","GET","/api/v1/devices","2","2","17.56","20.49","20.49","GOOD","{""200"":1,""304"":1}","0","0","",""
"API middleware","GET","/api/v1/devices/:id","2","2","7.68","8.11","8.11","GOOD","{""200"":1,""304"":1}","0","0","",""
"API middleware","GET","/api/v1/devices/:id/commands","2","2","8.9","10.28","10.28","GOOD","{""200"":1,""304"":1}","0","0","",""
"API middleware","GET","/api/v1/platform/telemetry/conflicts","2","2","7","7.51","7.51","GOOD","{""200"":1,""304"":1}","0","0","",""
"API middleware","GET","/api/v1/platform/telemetry/sync-logs","2","2","7.13","7.91","7.91","GOOD","{""200"":1,""304"":1}","0","0","",""
"API middleware","GET","/api/v1/platform/telemetry/sync-metrics","2","2","8.79","10.95","10.95","GOOD","{""200"":1,""304"":1}","0","0","",""
"API middleware","GET","/api/v1/platform/backups","2","2","13.93","16.22","16.22","GOOD","{""200"":1,""304"":1}","0","0","",""
"API middleware","GET","/api/v1/support-tickets","2","2","9.41","11.49","11.49","GOOD","{""200"":1,""304"":1}","0","0","",""
"API middleware","GET","/api/v1/support-tickets/summary","2","2","13.94","17.31","17.31","GOOD","{""200"":1,""304"":1}","0","0","",""
"API middleware","GET","/api/v1/platform/notifications","2","2","6.71","8.19","8.19","GOOD","{""200"":1,""304"":1}","0","0","",""
"API middleware","GET","/api/v1/audit-logs/categories","2","2","5.94","6.25","6.25","GOOD","{""200"":1,""304"":1}","0","0","",""
"API middleware","GET","/api/v1/audit-logs","2","2","6.38","7.06","7.06","GOOD","{""200"":1,""304"":1}","0","0","",""
"API middleware","GET","/api/v1/platform/sessions","2","2","5.24","5.97","5.97","GOOD","{""200"":1,""304"":1}","0","0","",""
"API middleware","GET","/api/v1/payments/tenant-summary","2","2","7.63","9.12","9.12","GOOD","{""200"":1,""304"":1}","0","0","",""
"API middleware","GET","/api/v1/devices/me/sync-issues","2","2","10.29","12.36","12.36","GOOD","{""200"":2}","0","0","",""
"API middleware","GET","/api/v1/tenant/me/display","2","2","10.72","13.04","13.04","GOOD","{""200"":1,""304"":1}","0","0","",""
"API middleware","GET","/api/v1/tenant/whatsapp-channel/entitlement","2","2","15.62","19.41","19.41","GOOD","{""200"":1,""304"":1}","0","0","",""
"API middleware","GET","/api/v1/tenant/whatsapp-channel/status","2","2","11.59","12.87","12.87","GOOD","{""200"":1,""304"":1}","0","0","",""
"API middleware","GET","/api/v1/tenant/me/users","2","2","14.67","15.76","15.76","GOOD","{""200"":1,""304"":1}","0","0","",""
"API middleware","GET","/api/v1/tenant/me/backups","2","2","14.89","15.45","15.45","GOOD","{""200"":1,""304"":1}","0","0","",""
"API middleware","GET","/api/v1/tenant/support-tickets","2","2","13.36","15.91","15.91","GOOD","{""200"":1,""304"":1}","0","0","",""
"API middleware","GET","/api/v1/entity-sync/PAYMENT_TRANSACTION","2","2","5.86","7.33","7.33","GOOD","{""200"":2}","0","0","",""
"API middleware","POST","/api/v1/payments/:id/kot-claim","2","2","8.88","10.64","10.64","GOOD","{""201"":2}","0","0","",""
"API middleware","POST","/api/v1/payments/:id/fulfilled","2","2","8.95","9.1","9.1","GOOD","{""201"":2}","0","0","",""
"API middleware","POST","/api/v1/platform-auth/logout","1","1","5.86","5.86","5.86","GOOD","{""200"":1}","0","0","",""
"API middleware","POST","/api/v1/entity-sync/MENU_CATEGORY","1","1","15.37","15.37","15.37","GOOD","{""201"":1}","0","0","",""
"API middleware","POST","/api/v1/restaurant-lookup/resolve","1","1","3.63","3.63","3.63","GOOD","{""200"":1}","0","0","",""
"API middleware","POST","/api/v1/tenant/payment-connection/request-platform-payments","1","1","15.03","15.03","15.03","GOOD","{""201"":1}","0","0","",""
"API middleware","PATCH","/api/v1/tenant/payment-connection/bank-details","1","1","16.94","16.94","16.94","GOOD","{""200"":1}","0","0","",""
"API middleware","PATCH","/api/v1/tenant/payment-connection/settlement-preference","1","1","13.82","13.82","13.82","GOOD","{""200"":1}","0","0","",""
"API middleware","PATCH","/api/v1/restaurants/:id/payment-connection/approve","1","1","65.69","65.69","65.69","GOOD","{""200"":1}","0","0","",""
"API middleware","POST","/api/v1/entity-sync/TAX_GROUP","1","1","17.96","17.96","17.96","GOOD","{""201"":1}","0","0","",""
"API middleware","POST","/api/v1/entity-sync/CUSTOMER","1","1","10.73","10.73","10.73","GOOD","{""201"":1}","0","0","",""
"API middleware","GET","/api/v1/platform/users","1","1","0.56","0.56","0.56","GOOD","{""404"":1}","0","1","",""
"API middleware","POST","/api/v1/restaurant/qr/tables/tbl-muw1m7ev-1lvulqn/generate","1","1","16.39","16.39","16.39","GOOD","{""201"":1}","0","0","",""
"API middleware","POST","/api/v1/public/qr/:token/orders","1","1","32.49","32.49","32.49","GOOD","{""201"":1}","0","0","",""
"API middleware","POST","/api/v1/payments/payouts/run-eod","1","1","4.52","4.52","4.52","GOOD","{""201"":1}","0","0","",""
"API middleware","POST","/api/v1/payments/:id/refund","1","1","23.66","23.66","23.66","GOOD","{""201"":1}","0","0","",""
