"Attempt","App","Scenario","Raw result","Disposition","Explanation","Latest scenario result","Screenshot"
"admin-1791263029646","admin","B001: idle admin makes bounded fleet requests","PASS","PASS","Successful observed attempt; latest scenario evidence retained separately.","PASS",""
"pos-1791263039658","pos","B002: cashier uses configured GST18 and zero tax consistently","FAIL","HARNESS_CORRECTED","Cold/HMR module instance did not share the displayed cart; test now reads the mounted app store.","PASS","evidence/failure-pos-1791263039658.png"
"pos-1791263041033","pos","B004: SEND KOT then Instant Bill settles one backend order with one kitchen identity","FAIL","HARNESS_CORRECTED","Same initial cart-store instance mismatch; subsequent real UI flow passed.","PASS","evidence/failure-pos-1791263041033.png"
"kiosk-1791263050958","kiosk","B002: kiosk displayed payable and complete quote agree with gateway amount","PASS","PASS","Successful observed attempt; latest scenario evidence retained separately.","PASS",""
"kds-1791263050973","kds","B006: unpaid online kiosk checkout creates no actionable kitchen ticket","PASS","PASS","Successful observed attempt; latest scenario evidence retained separately.","PASS",""
"kiosk-1791263064473","kiosk","B003: simulated paid kiosk order remains active and reaches KDS exactly once","FAIL","APPLICATION_FIXED","B003: paid DRAFT-to-CONFIRMED order required KOT reconciliation even with unchanged lines.","PASS","evidence/failure-kiosk-1791263064473.png"
"kds-1791263086284","kds","Paid kiosk kitchen Ready persists and returns to cashier without refresh","FAIL","DEPENDENCY_FIXED","Could not ready the missing B003 ticket; paid kitchen flow passed after reconciliation fix.","PASS","evidence/failure-kds-1791263086284.png"
"kiosk-1791263096600","kiosk","B011: successful confirmation with no printer has no undefined-printer TypeError","PASS","PASS","Successful observed attempt; latest scenario evidence retained separately.","PASS",""
"pos-1791263096606","pos","B005: cashier refund is denied; real manager PIN approval permits one idempotent simulated refund","PASS","PASS","Successful observed attempt; latest scenario evidence retained separately.","PASS",""
"admin-1791263097288","admin","B008/B007: created inventory appears immediately and master persists in cloud","PASS","PASS","Successful observed attempt; latest scenario evidence retained separately.","PASS",""
"adminprod-1791263128332","adminprod","B001: production build has no idle fleet request storm","PASS","PASS","Successful observed attempt; latest scenario evidence retained separately.","PASS",""
"adminprod-1791263138563","adminprod","B007: second admin reconstructs stock and supplier masters","PASS","PASS","Successful observed attempt; latest scenario evidence retained separately.","PASS",""
"admin-1791263157431","admin","B009: restaurant with no shift displays no invented float or reconciliation","PASS","PASS","Successful observed attempt; latest scenario evidence retained separately.","PASS",""
"admin-1791263159028","admin","B010: cloud 401 presents explicit sign-in recovery and a clean login restores modules","PASS","PASS","Successful observed attempt; latest scenario evidence retained separately.","PASS",""
"admin-1791263565223","admin","B001: idle admin makes bounded fleet requests","PASS","PASS","Successful observed attempt; latest scenario evidence retained separately.","PASS",""
"pos-1791263575231","pos","B002: cashier uses configured GST18 and zero tax consistently","PASS","PASS","Successful observed attempt; latest scenario evidence retained separately.","PASS",""
"pos-1791263576070","pos","B004: SEND KOT then Instant Bill settles one backend order with one kitchen identity","FAIL","APPLICATION_FIXED","B004 follow-up: financial completion must not silently mark submitted kitchen work served.","PASS","evidence/failure-pos-1791263576070.png"
"kiosk-1791263603769","kiosk","B002: kiosk displayed payable and complete quote agree with gateway amount","PASS","PASS","Successful observed attempt; latest scenario evidence retained separately.","PASS",""
"kds-1791263603779","kds","B006: unpaid online kiosk checkout creates no actionable kitchen ticket","PASS","PASS","Successful observed attempt; latest scenario evidence retained separately.","PASS",""
"kiosk-1791263613938","kiosk","B003: simulated paid kiosk order remains active and reaches KDS exactly once","PASS","PASS","Successful observed attempt; latest scenario evidence retained separately.","PASS",""
"kds-1791263615387","kds","Paid kiosk kitchen Ready persists and returns to cashier without refresh","PASS","PASS","Successful observed attempt; latest scenario evidence retained separately.","PASS",""
"kiosk-1791263616120","kiosk","B011: successful confirmation with no printer has no undefined-printer TypeError","PASS","PASS","Successful observed attempt; latest scenario evidence retained separately.","PASS",""
"pos-1791263616126","pos","B005: cashier refund is denied; real manager PIN approval permits one idempotent simulated refund","PASS","PASS","Successful observed attempt; latest scenario evidence retained separately.","PASS",""
"admin-1791263616411","admin","B008/B007: created inventory appears immediately and master persists in cloud","PASS","PASS","Successful observed attempt; latest scenario evidence retained separately.","PASS",""
"adminprod-1791263630940","adminprod","B001: production build has no idle fleet request storm","PASS","PASS","Successful observed attempt; latest scenario evidence retained separately.","PASS",""
"adminprod-1791263641123","adminprod","B007: second admin reconstructs stock and supplier masters","PASS","PASS","Successful observed attempt; latest scenario evidence retained separately.","PASS",""
"admin-1791263657757","admin","B009: restaurant with no shift displays no invented float or reconciliation","PASS","PASS","Successful observed attempt; latest scenario evidence retained separately.","PASS",""
"admin-1791263658811","admin","B010: cloud 401 presents explicit sign-in recovery and a clean login restores modules","PASS","PASS","Successful observed attempt; latest scenario evidence retained separately.","PASS",""
"admin-1791263905863","admin","B001: idle admin makes bounded fleet requests","PASS","PASS","Successful observed attempt; latest scenario evidence retained separately.","PASS",""
"pos-1791263915929","pos","B002: cashier uses configured GST18 and zero tax consistently","PASS","PASS","Successful observed attempt; latest scenario evidence retained separately.","PASS",""
"pos-1791263916910","pos","B004: SEND KOT then Instant Bill settles one backend order with one kitchen identity","PASS","PASS","Successful observed attempt; latest scenario evidence retained separately.","PASS",""
"kiosk-1791263928811","kiosk","B002: kiosk displayed payable and complete quote agree with gateway amount","PASS","PASS","Successful observed attempt; latest scenario evidence retained separately.","PASS",""
"kds-1791263928820","kds","B006: unpaid online kiosk checkout creates no actionable kitchen ticket","PASS","PASS","Successful observed attempt; latest scenario evidence retained separately.","PASS",""
"kiosk-1791263939026","kiosk","B003: simulated paid kiosk order remains active and reaches KDS exactly once","PASS","PASS","Successful observed attempt; latest scenario evidence retained separately.","PASS",""
"kds-1791263940495","kds","Paid kiosk kitchen Ready persists and returns to cashier without refresh","PASS","PASS","Successful observed attempt; latest scenario evidence retained separately.","PASS",""
"kiosk-1791263941090","kiosk","B011: successful confirmation with no printer has no undefined-printer TypeError","PASS","PASS","Successful observed attempt; latest scenario evidence retained separately.","PASS",""
"pos-1791263941095","pos","B005: cashier refund is denied; real manager PIN approval permits one idempotent simulated refund","PASS","PASS","Successful observed attempt; latest scenario evidence retained separately.","PASS",""
"admin-1791263941360","admin","B008/B007: created inventory appears immediately and master persists in cloud","PASS","PASS","Successful observed attempt; latest scenario evidence retained separately.","PASS",""
"adminprod-1791263955242","adminprod","B001: production build has no idle fleet request storm","PASS","PASS","Successful observed attempt; latest scenario evidence retained separately.","PASS",""
"adminprod-1791263965413","adminprod","B007: second admin reconstructs stock and supplier masters","PASS","PASS","Successful observed attempt; latest scenario evidence retained separately.","PASS",""
"admin-1791263983757","admin","B009: restaurant with no shift displays no invented float or reconciliation","PASS","PASS","Successful observed attempt; latest scenario evidence retained separately.","PASS",""
"admin-1791263985016","admin","B010: cloud 401 presents explicit sign-in recovery and a clean login restores modules","PASS","PASS","Successful observed attempt; latest scenario evidence retained separately.","PASS",""
"admin-1791264250899","admin","Owner creates a new branch table for a clean Captain tax and kitchen flow","FAIL","HARNESS_CORRECTED","Wrong table-form placeholder; corrected selector and owner table creation passed.","PASS","evidence/failure-admin-1791264250899.png"
"captain-1791264263253","captain","Captain creates a GST18 order and KDS receives the same item ID and INR118 total","FAIL","DEPENDENCY_RECHECKED","Table-creation prerequisite failed in this attempt; clean table flow subsequently passed.","PASS","evidence/failure-captain-1791264263253.png"
"super-1791264306028","super","B012: real restaurant provisioning points kiosk keys to merged Restaurant Admin","PASS","PASS","Successful observed attempt; latest scenario evidence retained separately.","PASS",""
"super-1791264307888","super","Super Admin positive commission edit affects new kiosk payment and preserves earlier snapshot","FAIL","HARNESS_CORRECTED","Ambiguous Save button; selector now scoped to commission editor.","PASS","evidence/failure-super-1791264307888.png"
"admin-1791264671556","admin","Owner creates a new branch table for a clean Captain tax and kitchen flow","PASS","PASS","Successful observed attempt; latest scenario evidence retained separately.","PASS",""
"captain-1791264673163","captain","Captain creates a GST18 order and KDS receives the same item ID and INR118 total","FAIL","HARNESS_CORRECTED","Table-card ancestor selector corrected; actual order creation subsequently passed.","PASS","evidence/failure-captain-1791264673163.png"
"super-1791264704803","super","B012: real restaurant provisioning points kiosk keys to merged Restaurant Admin","PASS","PASS","Successful observed attempt; latest scenario evidence retained separately.","PASS",""
"super-1791264706651","super","Super Admin positive commission edit affects new kiosk payment and preserves earlier snapshot","PASS","PASS","Successful observed attempt; latest scenario evidence retained separately.","PASS",""
"admin-1791264895469","admin","Owner creates a new branch table for a clean Captain tax and kitchen flow","PASS","PASS","Successful observed attempt; latest scenario evidence retained separately.","PASS",""
"captain-1791264896986","captain","Captain creates a GST18 order and KDS receives the same item ID and INR118 total","PASS","PASS","Successful observed attempt; latest scenario evidence retained separately.","PASS",""
"kds-1791264901625","kds","KDS Ready returns to Captain and POS; cashier settles the same INR118 Captain order once","FAIL","HARNESS_CORRECTED","Captain workspace overlay intercepted a floor filter; close modal and use visible bottom navigation.","PASS","evidence/failure-kds-1791264901625.png"
"super-1791264928364","super","B012: real restaurant provisioning points kiosk keys to merged Restaurant Admin","PASS","PASS","Successful observed attempt; latest scenario evidence retained separately.","PASS",""
"super-1791264929838","super","Super Admin positive commission edit affects new kiosk payment and preserves earlier snapshot","FAIL","HARNESS_CORRECTED","Test filled commission before asynchronous configuration loaded; wait for loaded value and save acknowledgement.","PASS","evidence/failure-super-1791264929838.png"
"pos-1791265589511","pos","Authenticated SSE reconnects after isolated API process restart","PASS","PASS","Successful observed attempt; latest scenario evidence retained separately.","PASS",""
"kds-1791265596638","kds","Authenticated SSE reconnects after isolated API process restart","PASS","PASS","Successful observed attempt; latest scenario evidence retained separately.","PASS",""
"admin-1791265713106","admin","B001: idle admin makes bounded fleet requests","PASS","PASS","Successful observed attempt; latest scenario evidence retained separately.","PASS",""
"pos-1791265723134","pos","B002: cashier uses configured GST18 and zero tax consistently","PASS","PASS","Successful observed attempt; latest scenario evidence retained separately.","PASS",""
"pos-1791265725209","pos","B004: SEND KOT then Instant Bill settles one backend order with one kitchen identity","PASS","PASS","Successful observed attempt; latest scenario evidence retained separately.","PASS",""
"kiosk-1791265744219","kiosk","B002: kiosk displayed payable and complete quote agree with gateway amount","PASS","PASS","Successful observed attempt; latest scenario evidence retained separately.","PASS",""
"kds-1791265744227","kds","B006: unpaid online kiosk checkout creates no actionable kitchen ticket","FAIL","TIMEOUT_RECHECKED","Cloud DRAFT missing within 15 seconds during concurrent builds; retained as timeout, latest isolated unpaid-admission test passed.","PASS","evidence/failure-kds-1791265744227.png"
"kiosk-1791265790828","kiosk","B003: simulated paid kiosk order remains active and reaches KDS exactly once","PASS","PASS","Successful observed attempt; latest scenario evidence retained separately.","PASS",""
"kds-1791265820560","kds","Paid kiosk kitchen Ready persists and returns to cashier without refresh","PASS","PASS","Successful observed attempt; latest scenario evidence retained separately.","PASS",""
"kiosk-1791265824171","kiosk","B011: successful confirmation with no printer has no undefined-printer TypeError","PASS","PASS","Successful observed attempt; latest scenario evidence retained separately.","PASS",""
"pos-1791265824191","pos","B005: cashier refund is denied; real manager PIN approval permits one idempotent simulated refund","PASS","PASS","Successful observed attempt; latest scenario evidence retained separately.","PASS",""
"admin-1791265824935","admin","B008/B007: created inventory appears immediately and master persists in cloud","PASS","PASS","Successful observed attempt; latest scenario evidence retained separately.","PASS",""
"adminprod-1791265866889","adminprod","B001: production build has no idle fleet request storm","PASS","PASS","Successful observed attempt; latest scenario evidence retained separately.","PASS",""
"adminprod-1791265877297","adminprod","B007: second admin reconstructs stock and supplier masters","PASS","PASS","Successful observed attempt; latest scenario evidence retained separately.","PASS",""
"admin-1791265909759","admin","B009: restaurant with no shift displays no invented float or reconciliation","PASS","PASS","Successful observed attempt; latest scenario evidence retained separately.","PASS",""
"admin-1791265912464","admin","B010: cloud 401 presents explicit sign-in recovery and a clean login restores modules","PASS","PASS","Successful observed attempt; latest scenario evidence retained separately.","PASS",""
"admin-1791266000914","admin","Owner creates a new branch table for a clean Captain tax and kitchen flow","PASS","PASS","Successful observed attempt; latest scenario evidence retained separately.","PASS",""
"captain-1791266001752","captain","Captain creates a GST18 order and KDS receives the same item ID and INR118 total","PASS","PASS","Successful observed attempt; latest scenario evidence retained separately.","PASS",""
"kds-1791266004997","kds","KDS Ready returns to Captain and POS; cashier settles the same INR118 Captain order once","FAIL","HARNESS_CORRECTED","Food Ready floor filter selected instead of bottom navigation; selector corrected.","PASS","evidence/failure-kds-1791266004997.png"
"super-1791266033225","super","B012: real restaurant provisioning points kiosk keys to merged Restaurant Admin","PASS","PASS","Successful observed attempt; latest scenario evidence retained separately.","PASS",""
"super-1791266034223","super","Super Admin positive commission edit affects new kiosk payment and preserves earlier snapshot","PASS","PASS","Successful observed attempt; latest scenario evidence retained separately.","PASS",""
"admin-1791266134660","admin","Owner creates a new branch table for a clean Captain tax and kitchen flow","PASS","PASS","Successful observed attempt; latest scenario evidence retained separately.","PASS",""
"captain-1791266135656","captain","Captain creates a GST18 order and KDS receives the same item ID and INR118 total","PASS","PASS","Successful observed attempt; latest scenario evidence retained separately.","PASS",""
"kds-1791266138707","kds","KDS Ready returns to Captain and POS; cashier settles the same INR118 Captain order once","FAIL","APPLICATION_FIXED","B013: POS current-day view hid imported Captain order with another terminal business-day ID.","PASS","evidence/failure-kds-1791266138707.png"
"super-1791266163796","super","B012: real restaurant provisioning points kiosk keys to merged Restaurant Admin","PASS","PASS","Successful observed attempt; latest scenario evidence retained separately.","PASS",""
"super-1791266164638","super","Super Admin positive commission edit affects new kiosk payment and preserves earlier snapshot","PASS","PASS","Successful observed attempt; latest scenario evidence retained separately.","PASS",""
"admin-1791266367404","admin","Owner creates a new branch table for a clean Captain tax and kitchen flow","PASS","PASS","Successful observed attempt; latest scenario evidence retained separately.","PASS",""
"captain-1791266368080","captain","Captain creates a GST18 order and KDS receives the same item ID and INR118 total","PASS","PASS","Successful observed attempt; latest scenario evidence retained separately.","PASS",""
"kds-1791266370829","kds","KDS Ready returns to Captain and POS; cashier settles the same INR118 Captain order once","PASS","PASS","Successful observed attempt; latest scenario evidence retained separately.","PASS",""
"super-1791266386150","super","B012: real restaurant provisioning points kiosk keys to merged Restaurant Admin","PASS","PASS","Successful observed attempt; latest scenario evidence retained separately.","PASS",""
"super-1791266386810","super","Super Admin positive commission edit affects new kiosk payment and preserves earlier snapshot","PASS","PASS","Successful observed attempt; latest scenario evidence retained separately.","PASS",""
"admin-1791266497548","admin","B001: idle admin makes bounded fleet requests","PASS","PASS","Successful observed attempt; latest scenario evidence retained separately.","PASS",""
"pos-1791266507570","pos","B002: cashier uses configured GST18 and zero tax consistently","PASS","PASS","Successful observed attempt; latest scenario evidence retained separately.","PASS",""
"pos-1791266508596","pos","B004: SEND KOT then Instant Bill settles one backend order with one kitchen identity","PASS","PASS","Successful observed attempt; latest scenario evidence retained separately.","PASS",""
"kiosk-1791266521697","kiosk","B002: kiosk displayed payable and complete quote agree with gateway amount","PASS","PASS","Successful observed attempt; latest scenario evidence retained separately.","PASS",""
"kds-1791266521721","kds","B006: unpaid online kiosk checkout creates no actionable kitchen ticket","PASS","PASS","Successful observed attempt; latest scenario evidence retained separately.","PASS",""
"kiosk-1791266535291","kiosk","B003: simulated paid kiosk order remains active and reaches KDS exactly once","PASS","PASS","Successful observed attempt; latest scenario evidence retained separately.","PASS",""
"kds-1791266536246","kds","Paid kiosk kitchen Ready persists and returns to cashier without refresh","PASS","PASS","Successful observed attempt; latest scenario evidence retained separately.","PASS",""
"kiosk-1791266537251","kiosk","B011: successful confirmation with no printer has no undefined-printer TypeError","PASS","PASS","Successful observed attempt; latest scenario evidence retained separately.","PASS",""
"pos-1791266537263","pos","B005: cashier refund is denied; real manager PIN approval permits one idempotent simulated refund","PASS","PASS","Successful observed attempt; latest scenario evidence retained separately.","PASS",""
"admin-1791266537639","admin","B008/B007: created inventory appears immediately and master persists in cloud","PASS","PASS","Successful observed attempt; latest scenario evidence retained separately.","PASS",""
"adminprod-1791266549574","adminprod","B001: production build has no idle fleet request storm","PASS","PASS","Successful observed attempt; latest scenario evidence retained separately.","PASS",""
"adminprod-1791266559824","adminprod","B007: second admin reconstructs stock and supplier masters","PASS","PASS","Successful observed attempt; latest scenario evidence retained separately.","PASS",""
"admin-1791266574523","admin","B009: restaurant with no shift displays no invented float or reconciliation","PASS","PASS","Successful observed attempt; latest scenario evidence retained separately.","PASS",""
"admin-1791266575632","admin","B010: cloud 401 presents explicit sign-in recovery and a clean login restores modules","PASS","PASS","Successful observed attempt; latest scenario evidence retained separately.","PASS",""
"pos-1791266684001","pos","Cashier holds and recalls cart retaining amount and quantity","PASS","PASS","Successful observed attempt; latest scenario evidence retained separately.","PASS",""
"pos-1791266684623","pos","POS GST18 item total agrees with configured eighteen percent tax","PASS","PASS","Successful observed attempt; latest scenario evidence retained separately.","PASS",""
"pos-1791266685025","pos","Double click SEND KOT produces one backend order","PASS","PASS","Successful observed attempt; latest scenario evidence retained separately.","PASS",""
"pos-1791266687064","pos","Instant Bill settles existing running KOT instead of creating a duplicate sale","PASS","PASS","Successful observed attempt; latest scenario evidence retained separately.","PASS",""
"pos-1791266692344","pos","Twenty browser counter cash sales persist once each with correct aggregate","PASS","PASS","Successful observed attempt; latest scenario evidence retained separately.","PASS",""
"pos-1791266700397","pos","Thirty browser KOT submissions persist without duplicate orders","PASS","PASS","Successful observed attempt; latest scenario evidence retained separately.","PASS",""
"kds-1791266713516","kds","KDS receives thirty distinct browser-generated kitchen tickets","PASS","PASS","Successful observed attempt; latest scenario evidence retained separately.","PASS",""
"pos-1791266860771","pos","Authenticated SSE reconnects after isolated API process restart","PASS","PASS","Successful observed attempt; latest scenario evidence retained separately.","PASS",""
"kds-1791266865246","kds","Authenticated SSE reconnects after isolated API process restart","PASS","PASS","Successful observed attempt; latest scenario evidence retained separately.","PASS",""
"pos-1791266969812","pos","Offline KOT is saved locally, reaches cloud once on reconnect and survives refresh","PASS","PASS","Successful observed attempt; latest scenario evidence retained separately.","PASS",""
"qr-1791266984336","qr","QR guest GST18 quote is INR118; double submission and refresh keep one public order","FAIL","HARNESS_CORRECTED","Wrong response-path predicate timed out despite successful order; corrected predicate and duplicate/refresh checks passed.","PASS","evidence/failure-qr-1791266984336.png"
"admin-1791267010654","admin","Route-pending bank request remains manual; gross fee net paid pending use frozen snapshots","PASS","PASS","Successful observed attempt; latest scenario evidence retained separately.","PASS",""
"admin-1791267022218","admin","Tenant-ID query tampering cannot disclose A inventory masters, recipes, suppliers or orders to B","PASS","PASS","Successful observed attempt; latest scenario evidence retained separately.","PASS",""
"pos-1791267073439","pos","Offline KOT is saved locally, reaches cloud once on reconnect and survives refresh","PASS","PASS","Successful observed attempt; latest scenario evidence retained separately.","PASS",""
"qr-1791267084806","qr","QR guest GST18 quote is INR118; double submission and refresh keep one public order","PASS","PASS","Successful observed attempt; latest scenario evidence retained separately.","PASS",""
"pos-1791267096550","pos","Cashier accepts QR order once, KDS prepares it and guest receives Ready at INR118","PASS","PASS","Successful observed attempt; latest scenario evidence retained separately.","PASS",""
"admin-1791267107787","admin","Route-pending bank request remains manual; gross fee net paid pending use frozen snapshots","PASS","PASS","Successful observed attempt; latest scenario evidence retained separately.","PASS",""
"admin-1791267117985","admin","Tenant-ID query tampering cannot disclose A inventory masters, recipes, suppliers or orders to B","PASS","PASS","Successful observed attempt; latest scenario evidence retained separately.","PASS",""
"admin-1791267758848","admin","Owner price edit reaches kiosk, paid order, POS, KDS and collection report with the same amount","PASS","PASS","Successful observed attempt; latest scenario evidence retained separately.","PASS",""
"admin-1791267764324","admin","Current owner session authorizes a simulated refund and client cannot choose its audit actor","PASS","PASS","Successful observed attempt; latest scenario evidence retained separately.","PASS",""
